-- phpMyAdmin SQL Dump
-- version 3.1.3.1
-- http://www.phpmyadmin.net
--
-- Host: localhost
-- Generation Time: Apr 08, 2011 at 05:23 PM
-- Server version: 5.1.33
-- PHP Version: 5.2.9

SET SQL_MODE="NO_AUTO_VALUE_ON_ZERO";


/*!40101 SET @OLD_CHARACTER_SET_CLIENT=@@CHARACTER_SET_CLIENT */;
/*!40101 SET @OLD_CHARACTER_SET_RESULTS=@@CHARACTER_SET_RESULTS */;
/*!40101 SET @OLD_COLLATION_CONNECTION=@@COLLATION_CONNECTION */;
/*!40101 SET NAMES utf8 */;

--
-- Database: `skola`
--

-- --------------------------------------------------------

--
-- Table structure for table `mjesto`
--

CREATE TABLE IF NOT EXISTS `mjesto` (
  `pbr` int(11) NOT NULL,
  `nazMjesto` char(40) NOT NULL,
  `sifZupanija` smallint(6) DEFAULT NULL,
  PRIMARY KEY (`pbr`),
  KEY `sifZupanija` (`sifZupanija`)
) ENGINE=InnoDB DEFAULT CHARSET=utf8;

--
-- Dumping data for table `mjesto`
--

INSERT INTO `mjesto` (`pbr`, `nazMjesto`, `sifZupanija`) VALUES
(10000, 'Zagreb', 21),
(10010, 'Zagreb-Sloboština', 21),
(10020, 'Zagreb-Novi Zagreb', 21),
(10040, 'Zagreb-Dubrava', 21),
(10090, 'Zagreb-Susedgrad', 21),
(10250, 'Lučko', 1),
(10255, 'Gornji Stupnik', 1),
(10290, 'Zaprešić', 1),
(10295, 'Kupljenovo', 1),
(10310, 'Ivanić-Grad', 1),
(10315, 'Novoselec', 1),
(10340, 'Vrbovec', 1),
(10345, 'Gradec', 1),
(10360, 'Sesvete', 1),
(10370, 'Dugo Selo', 1),
(10380, 'Sveti Ivan Zelina', 21),
(10410, 'Velika Gorica', 1),
(10415, 'Novo Čiče', 1),
(10430, 'Samobor', 1),
(10435, 'Sveti Martin pod Okićem', 1),
(10450, 'Jastrebarsko', 1),
(10455, 'Kostanjevac', 1),
(20000, 'Dubrovnik', 19),
(20205, 'Topolo', 19),
(20210, 'Cavtat', 19),
(20215, 'Gruda', 19),
(20225, 'Babino Polje', 19),
(20230, 'Ston', 19),
(20235, 'Zaton Veliki', 19),
(20240, 'Trpanj', 19),
(20242, 'Oskorušno', 19),
(20245, 'Trstenik', 19),
(20250, 'Orebić', 19),
(20260, 'Korčula', 19),
(20270, 'Vela Luka', 19),
(20275, 'Žrnovo', 19),
(20290, 'Lastovo', 19),
(20340, 'Ploče', 19),
(20345, 'Staševica', 19),
(20350, 'Metković', 19),
(20355, 'Opuzen', 19),
(21000, 'Split', 17),
(21205, 'Donji Dolac', 17),
(21210, 'Solin', 17),
(21215, 'Kaštel Lukšić', 17),
(21220, 'Trogir', 17),
(21225, 'Drvenik Veliki', 17),
(21230, 'Sinj', 17),
(21232, 'Dicmo', 17),
(21235, 'Otišić', 17),
(21240, 'Trilj', 17),
(21245, 'Tijarica', 17),
(21250, 'Šestanovac', 17),
(21255, 'Zadvarje', 17),
(21260, 'Imotski', 17),
(21265, 'Studenci', 17),
(21270, 'Zagvozd', 17),
(21275, 'Dragljane', 17),
(21300, 'Makarska', 17),
(21310, 'Omiš', 17),
(21315, 'Dugi Rat', 17),
(21320, 'Baška Voda', 17),
(21325, 'Tučepi', 17),
(21330, 'Gradac', 17),
(21335, 'Podaca', 17),
(21400, 'Supetar', 17),
(21405, 'Milna', 17),
(21410, 'Postira', 17),
(21420, 'Bol', 17),
(21425, 'Selca', 17),
(21430, 'Grohote', 17),
(21450, 'Hvar', 17),
(21460, 'Stari Grad', 17),
(21465, 'Jelsa', 17),
(21480, 'Vis', 17),
(21485, 'Komiža', 17),
(22000, 'Šibenik', 15),
(22010, 'Šibenik-Brodarica', 15),
(22020, 'Šibenik-Ražine', 15),
(22030, 'Šibenik-Zablaće', 15),
(22205, 'Perković', 15),
(22215, 'Zaton', 15),
(22235, 'Kaprije', 15),
(22240, 'Tisno', 15),
(22300, 'Knin', 15),
(22305, 'Kistanje', 15),
(22310, 'Kijevo', 15),
(22320, 'Drniš', 15),
(23000, 'Zadar', 13),
(23205, 'Bibinje', 13),
(23210, 'Biograd na moru', 13),
(23235, 'Vrsi', 13),
(23245, 'Tribanj', 13),
(23250, 'Pag', 13),
(23275, 'Ugljan', 13),
(23285, 'Brbinj', 13),
(23295, 'Silba', 13),
(23420, 'Benkovac', 13),
(23440, 'Gračac', 13),
(23445, 'Srb', 13),
(23450, 'Obrovac', 13),
(31000, 'Osijek', 14),
(31205, 'Aljmaš', 14),
(31215, 'Ernestinovo', 14),
(31220, 'Višnjevac', 14),
(31225, 'Breznica Našička', 14),
(31300, 'Beli Manastir', 14),
(31301, 'Branjin Vrh', 14),
(31305, 'Draž', 14),
(31315, 'Karanac', 14),
(31325, 'Čeminac', 14),
(31400, 'Đakovo', 14),
(31410, 'Strizivojna', 14),
(31415, 'Selci Đakovački', 14),
(31500, 'Našice', 14),
(31530, 'Podravska Moslavina', 14),
(31531, 'Viljevo', 14),
(31540, 'Donji Miholjac', 14),
(31550, 'Valpovo', 14),
(31555, 'Marijanci', 14),
(32000, 'Vukovar', 16),
(32100, 'Vinkovci', 16),
(32225, 'Bobota', 16),
(32235, 'Bapska', 16),
(32240, 'Mirkovci', 16),
(32245, 'Nijemci', 16),
(32255, 'Soljani', 16),
(32260, 'Gunja', 16),
(32270, 'Županja', 16),
(32275, 'Bošnjaci', 16),
(32280, 'Jarmina', 16),
(33000, 'Virovitica', 10),
(33405, 'Pitomača', 10),
(33410, 'Suhopolje', 10),
(33515, 'Orahovica', 10),
(33520, 'Slatina', 10),
(33525, 'Sopje', 10),
(34000, 'Požega', 11),
(34310, 'Pleternica', 11),
(34315, 'Ratkovica', 11),
(34320, 'Orljavac', 11),
(34330, 'Velika', 11),
(34335, 'Vetovo', 11),
(34340, 'Kutjevo', 11),
(34350, 'Čaglin', 11),
(34550, 'Pakrac', 11),
(35000, 'Slavonski Brod', 12),
(35210, 'Vrpolje', 12),
(35215, 'Svilaj', 12),
(35220, 'Slavonski Šamac', 12),
(35250, 'Oriovac', 12),
(35255, 'Slavonski Kobaš', 12),
(35400, 'Nova Gradiška', 12),
(35420, 'Staro Petrovo Selo', 12),
(35425, 'Davor', 12),
(35430, 'Okučani', 12),
(35435, 'Stara Gradiška', 12),
(40000, 'Čakovec', 20),
(40305, 'Nedelišče', 20),
(40315, 'Mursko Središče', 20),
(40320, 'Donji Kraljevec', 20),
(40325, 'Draškovec', 20),
(42000, 'Varaždin', 5),
(42205, 'Vidovec', 5),
(42220, 'Novi Marof', 5),
(42225, 'Breznički Hum', 5),
(42230, 'Ludbreg', 5),
(42240, 'Ivanec', 5),
(42245, 'Donja Voća', 5),
(42250, 'Lepoglava', 5),
(42255, 'Donja Višnjica', 5),
(43000, 'Bjelovar', 7),
(43240, 'Čazma', 7),
(43245, 'Gornji Draganec', 7),
(43270, 'Veliki Grđevac', 7),
(43271, 'Velika Pisanica', 7),
(43280, 'Garešnica', 7),
(43285, 'Velika Trnovitica', 7),
(43290, 'Grubišno Polje', 7),
(43500, 'Daruvar', 7),
(43505, 'Končanica', 7),
(43531, 'Veliki Bastaji', 7),
(44000, 'Sisak', 3),
(44010, 'Sisak-Caprag', 3),
(44205, 'Donja Bačuga', 3),
(44210, 'Sunja', 3),
(44250, 'Petrinja', 3),
(44271, 'Letovanić', 3),
(44320, 'Kutina', 3),
(44325, 'Krapje', 3),
(44330, 'Novska', 3),
(44400, 'Glina', 3),
(44405, 'Mali Gradac', 3),
(44410, 'Gvozd', 3),
(44415, 'Topusko', 3),
(44425, 'Gornja Bučica', 3),
(44430, 'Hrvatska Kostajnica', 3),
(44435, 'Divuša', 3),
(44440, 'Dvor', 3),
(44450, 'Hrvatska Dubica', 3),
(47000, 'Karlovac', 4),
(47201, 'Draganići', 4),
(47205, 'Vukmanić', 4),
(47220, 'Vojnić', 4),
(47240, 'Slunj', 4),
(47245, 'Rakovica', 4),
(47250, 'Duga Resa', 4),
(47251, 'Bosiljevo', 4),
(47280, 'Ozalj', 4),
(47285, 'Radatovići', 4),
(47300, 'Ogulin', 4),
(47302, 'Oštarije', 4),
(47305, 'Lička Jesenica', 4),
(48000, 'Koprivnica', 6),
(48260, 'Križevci', 6),
(48265, 'Raven', 6),
(48305, 'Reka', 6),
(48325, 'Novigrad Podravski', 6),
(48350, 'Đurđevac', 6),
(48355, 'Novo Virje', 6),
(49000, 'Krapina', 2),
(49210, 'Zabok', 2),
(49215, 'Tuhelj', 2),
(49225, 'Đurmanec', 2),
(49240, 'Donja Stubica', 2),
(49245, 'Gornja Stubica', 2),
(49250, 'Zlatar', 2),
(49255, 'Novi Golubovec', 2),
(49290, 'Klanjec', 2),
(49295, 'Kumrovec', 2),
(51000, 'Rijeka', 8),
(51211, 'Matulji', 8),
(51215, 'Kastav', 8),
(51225, 'Praputnjak', 8),
(51250, 'Novi Vinodolski', 8),
(51251, 'Ledenice', 8),
(51260, 'Crikvenica', 8),
(51265, 'Dramalj', 8),
(51280, 'Rab', 8),
(51300, 'Delnice', 8),
(51305, 'Tršće', 8),
(51315, 'Mrkopalj', 8),
(51325, 'Moravice', 8),
(51410, 'Opatija', 8),
(51415, 'Lovran', 8),
(51500, 'Krk', 8),
(51515, 'Šilo', 8),
(51550, 'Mali Lošinj', 8),
(51555, 'Belej', 8),
(52000, 'Pazin', 18),
(52100, 'Pula', 18),
(52210, 'Rovinj (Rovigno)', 18),
(52215, 'Vodnjan (Dignano)', 18),
(52220, 'Labin', 18),
(52420, 'Buzet', 18),
(52425, 'Roč', 18),
(52440, 'Poreč', 18),
(52445, 'Baderna', 18),
(52450, 'Vrsar', 18),
(52460, 'Buje (Buie)', 18),
(52465, 'Tar', 18),
(52470, 'Umag (Umago)', 18),
(52475, 'Savudrija (Salvore)', 18),
(53000, 'Gospić', 9),
(53205, 'Medak', 9),
(53220, 'Otočac', 9),
(53225, 'Švica', 9),
(53230, 'Korenica', 9),
(53235, 'Bunić', 9),
(53250, 'Donji Lapac', 9),
(53260, 'Brinje', 9),
(53270, 'Senj', 9),
(53285, 'Lukovo', 9);

-- --------------------------------------------------------

--
-- Table structure for table `ocjene`
--

CREATE TABLE IF NOT EXISTS `ocjene` (
  `id` int(11) NOT NULL AUTO_INCREMENT,
  `mbrStud` int(11) NOT NULL,
  `sifPred` int(11) NOT NULL,
  `ocjena` int(11) NOT NULL,
  PRIMARY KEY (`id`)
) ENGINE=InnoDB  DEFAULT CHARSET=utf8 AUTO_INCREMENT=296 ;

--
-- Dumping data for table `ocjene`
--

INSERT INTO `ocjene` (`id`, `mbrStud`, `sifPred`, `ocjena`) VALUES
(1, 1120, 1, 5),
(2, 1144, 1, 3),
(3, 1145, 1, 3),
(4, 1147, 1, 4),
(5, 1148, 1, 5),
(6, 1149, 1, 5),
(7, 1151, 1, 3),
(8, 1152, 1, 2),
(9, 1153, 1, 4),
(10, 1155, 1, 5),
(11, 1156, 1, 4),
(12, 1176, 1, 5),
(13, 1177, 1, 3),
(14, 1178, 1, 4),
(15, 1180, 1, 4),
(16, 1181, 1, 2),
(17, 1182, 1, 3),
(18, 1184, 1, 2),
(19, 1185, 1, 5),
(20, 1186, 1, 3),
(21, 1188, 1, 3),
(22, 1189, 1, 3),
(23, 1190, 1, 5),
(24, 1192, 1, 3),
(25, 1193, 1, 4),
(26, 1194, 1, 5),
(27, 1196, 1, 2),
(28, 1197, 1, 2),
(29, 1198, 1, 2),
(30, 1200, 1, 5),
(31, 1201, 1, 4),
(32, 1202, 1, 5),
(33, 1204, 1, 2),
(34, 1205, 1, 2),
(35, 1239, 1, 2),
(36, 1241, 1, 2),
(37, 1242, 1, 2),
(38, 1243, 1, 4),
(39, 1245, 1, 2),
(40, 1246, 1, 5),
(41, 1247, 1, 4),
(42, 1249, 1, 2),
(43, 1250, 1, 3),
(44, 1251, 1, 5),
(45, 1253, 1, 5),
(46, 1254, 1, 5),
(47, 1255, 1, 4),
(48, 1257, 1, 5),
(49, 1258, 1, 2),
(50, 1259, 1, 5),
(51, 1261, 1, 5),
(52, 1300, 1, 4),
(53, 1302, 1, 4),
(54, 1303, 1, 5),
(55, 1304, 1, 4),
(56, 1306, 1, 3),
(57, 1307, 1, 3),
(58, 1308, 1, 3),
(59, 1310, 1, 2),
(60, 1120, 2, 2),
(61, 1144, 2, 4),
(62, 1145, 2, 4),
(63, 1147, 2, 2),
(64, 1148, 2, 3),
(65, 1149, 2, 5),
(66, 1151, 2, 4),
(67, 1152, 2, 4),
(68, 1153, 2, 3),
(69, 1155, 2, 2),
(70, 1156, 2, 3),
(71, 1176, 2, 2),
(72, 1177, 2, 3),
(73, 1178, 2, 4),
(74, 1180, 2, 5),
(75, 1181, 2, 5),
(76, 1182, 2, 2),
(77, 1184, 2, 5),
(78, 1185, 2, 2),
(79, 1186, 2, 4),
(80, 1188, 2, 3),
(81, 1189, 2, 4),
(82, 1190, 2, 2),
(83, 1192, 2, 5),
(84, 1193, 2, 5),
(85, 1194, 2, 4),
(86, 1196, 2, 5),
(87, 1197, 2, 2),
(88, 1198, 2, 3),
(89, 1200, 2, 2),
(90, 1201, 2, 4),
(91, 1202, 2, 3),
(92, 1204, 2, 5),
(93, 1205, 2, 2),
(94, 1239, 2, 2),
(95, 1241, 2, 2),
(96, 1242, 2, 2),
(97, 1243, 2, 5),
(98, 1245, 2, 5),
(99, 1246, 2, 2),
(100, 1247, 2, 4),
(101, 1249, 2, 4),
(102, 1250, 2, 5),
(103, 1251, 2, 4),
(104, 1253, 2, 2),
(105, 1254, 2, 3),
(106, 1255, 2, 3),
(107, 1257, 2, 4),
(108, 1258, 2, 4),
(109, 1259, 2, 2),
(110, 1261, 2, 3),
(111, 1300, 2, 2),
(112, 1302, 2, 5),
(113, 1303, 2, 2),
(114, 1304, 2, 2),
(115, 1306, 2, 2),
(116, 1307, 2, 2),
(117, 1308, 2, 2),
(118, 1310, 2, 4),
(119, 1120, 3, 2),
(120, 1144, 3, 2),
(121, 1145, 3, 4),
(122, 1147, 3, 3),
(123, 1148, 3, 2),
(124, 1149, 3, 5),
(125, 1151, 3, 3),
(126, 1152, 3, 3),
(127, 1153, 3, 4),
(128, 1155, 3, 3),
(129, 1156, 3, 4),
(130, 1176, 3, 2),
(131, 1177, 3, 4),
(132, 1178, 3, 2),
(133, 1180, 3, 2),
(134, 1181, 3, 2),
(135, 1182, 3, 4),
(136, 1184, 3, 2),
(137, 1185, 3, 3),
(138, 1186, 3, 5),
(139, 1188, 3, 4),
(140, 1189, 3, 2),
(141, 1190, 3, 5),
(142, 1192, 3, 5),
(143, 1193, 3, 3),
(144, 1194, 3, 5),
(145, 1196, 3, 4),
(146, 1197, 3, 2),
(147, 1198, 3, 4),
(148, 1200, 3, 2),
(149, 1201, 3, 4),
(150, 1202, 3, 3),
(151, 1204, 3, 3),
(152, 1205, 3, 5),
(153, 1239, 3, 5),
(154, 1241, 3, 2),
(155, 1242, 3, 2),
(156, 1243, 3, 2),
(157, 1245, 3, 2),
(158, 1246, 3, 3),
(159, 1247, 3, 4),
(160, 1249, 3, 3),
(161, 1250, 3, 3),
(162, 1251, 3, 5),
(163, 1253, 3, 4),
(164, 1254, 3, 2),
(165, 1255, 3, 5),
(166, 1257, 3, 5),
(167, 1258, 3, 4),
(168, 1259, 3, 2),
(169, 1261, 3, 5),
(170, 1300, 3, 5),
(171, 1302, 3, 4),
(172, 1303, 3, 4),
(173, 1304, 3, 3),
(174, 1306, 3, 2),
(175, 1307, 3, 2),
(176, 1308, 3, 4),
(177, 1310, 3, 5),
(178, 1120, 4, 3),
(179, 1144, 4, 5),
(180, 1145, 4, 3),
(181, 1147, 4, 5),
(182, 1148, 4, 5),
(183, 1149, 4, 5),
(184, 1151, 4, 2),
(185, 1152, 4, 4),
(186, 1153, 4, 2),
(187, 1155, 4, 3),
(188, 1156, 4, 5),
(189, 1176, 4, 5),
(190, 1177, 4, 2),
(191, 1178, 4, 5),
(192, 1180, 4, 2),
(193, 1181, 4, 4),
(194, 1182, 4, 4),
(195, 1184, 4, 3),
(196, 1185, 4, 4),
(197, 1186, 4, 3),
(198, 1188, 4, 2),
(199, 1189, 4, 2),
(200, 1190, 4, 2),
(201, 1192, 4, 3),
(202, 1193, 4, 5),
(203, 1194, 4, 4),
(204, 1196, 4, 2),
(205, 1197, 4, 2),
(206, 1198, 4, 4),
(207, 1200, 4, 2),
(208, 1201, 4, 2),
(209, 1202, 4, 4),
(210, 1204, 4, 3),
(211, 1205, 4, 2),
(212, 1239, 4, 5),
(213, 1241, 4, 2),
(214, 1242, 4, 4),
(215, 1243, 4, 4),
(216, 1245, 4, 3),
(217, 1246, 4, 3),
(218, 1247, 4, 2),
(219, 1249, 4, 2),
(220, 1250, 4, 4),
(221, 1251, 4, 5),
(222, 1253, 4, 3),
(223, 1254, 4, 5),
(224, 1255, 4, 5),
(225, 1257, 4, 2),
(226, 1258, 4, 4),
(227, 1259, 4, 4),
(228, 1261, 4, 5),
(229, 1300, 4, 5),
(230, 1302, 4, 2),
(231, 1303, 4, 5),
(232, 1304, 4, 4),
(233, 1306, 4, 2),
(234, 1307, 4, 3),
(235, 1308, 4, 5),
(236, 1310, 4, 4),
(237, 1120, 5, 5),
(238, 1144, 5, 5),
(239, 1145, 5, 5),
(240, 1147, 5, 2),
(241, 1148, 5, 5),
(242, 1149, 5, 3),
(243, 1151, 5, 3),
(244, 1152, 5, 3),
(245, 1153, 5, 2),
(246, 1155, 5, 3),
(247, 1156, 5, 2),
(248, 1176, 5, 5),
(249, 1177, 5, 5),
(250, 1178, 5, 5),
(251, 1180, 5, 4),
(252, 1181, 5, 3),
(253, 1182, 5, 4),
(254, 1184, 5, 3),
(255, 1185, 5, 4),
(256, 1186, 5, 4),
(257, 1188, 5, 3),
(258, 1189, 5, 5),
(259, 1190, 5, 5),
(260, 1192, 5, 4),
(261, 1193, 5, 3),
(262, 1194, 5, 2),
(263, 1196, 5, 5),
(264, 1197, 5, 5),
(265, 1198, 5, 4),
(266, 1200, 5, 3),
(267, 1201, 5, 5),
(268, 1202, 5, 2),
(269, 1204, 5, 5),
(270, 1205, 5, 2),
(271, 1239, 5, 4),
(272, 1241, 5, 3),
(273, 1242, 5, 2),
(274, 1243, 5, 5),
(275, 1245, 5, 4),
(276, 1246, 5, 2),
(277, 1247, 5, 4),
(278, 1249, 5, 2),
(279, 1250, 5, 3),
(280, 1251, 5, 3),
(281, 1253, 5, 2),
(282, 1254, 5, 4),
(283, 1255, 5, 4),
(284, 1257, 5, 4),
(285, 1258, 5, 4),
(286, 1259, 5, 2),
(287, 1261, 5, 3),
(288, 1300, 5, 5),
(289, 1302, 5, 5),
(290, 1303, 5, 2),
(291, 1304, 5, 4),
(292, 1306, 5, 5),
(293, 1307, 5, 5),
(294, 1308, 5, 3),
(295, 1310, 5, 3);

-- --------------------------------------------------------

--
-- Table structure for table `pred`
--

CREATE TABLE IF NOT EXISTS `pred` (
  `sifPred` int(11) NOT NULL AUTO_INCREMENT,
  `kratPred` char(8) DEFAULT NULL,
  `nazPred` char(60) NOT NULL,
  `brojSatiTjedno` int(11) DEFAULT NULL,
  PRIMARY KEY (`sifPred`)
) ENGINE=InnoDB  DEFAULT CHARSET=utf8 AUTO_INCREMENT=6 ;

--
-- Dumping data for table `pred`
--

INSERT INTO `pred` (`sifPred`, `kratPred`, `nazPred`, `brojSatiTjedno`) VALUES
(1, 'HRJ', 'Hrvatski jezik', 5),
(2, 'MAT', 'Matematika', 4),
(3, 'KEM', 'Kemija', 3),
(4, 'FIZ', 'Fizika', 3),
(5, 'INF', 'Informatika', 4);

-- --------------------------------------------------------

--
-- Table structure for table `ucenici`
--

CREATE TABLE IF NOT EXISTS `ucenici` (
  `mbrStud` int(11) NOT NULL AUTO_INCREMENT,
  `imeStud` char(25) NOT NULL,
  `prezStud` char(25) NOT NULL,
  `pbrRod` int(11) DEFAULT NULL,
  `pbrStan` int(11) NOT NULL,
  `datRodStud` datetime DEFAULT NULL,
  `jmbgStud` char(13) DEFAULT NULL,
  PRIMARY KEY (`mbrStud`),
  KEY `pbrRod` (`pbrRod`),
  KEY `pbrStan` (`pbrStan`)
) ENGINE=InnoDB  DEFAULT CHARSET=utf8 AUTO_INCREMENT=1520 ;

--
-- Dumping data for table `ucenici`
--

INSERT INTO `ucenici` (`mbrStud`, `imeStud`, `prezStud`, `pbrRod`, `pbrStan`, `datRodStud`, `jmbgStud`) VALUES
(1120, 'Zdenko', 'Kolac', 31000, 40000, '1985-06-06 00:00:00', '0606985330186'),
(1144, 'Zvonimir', 'Ozimec', 21000, 21000, '1985-10-08 00:00:00', '0810985390015'),
(1145, 'Jurica', 'Bašić', 10000, 10000, '1985-07-06 00:00:00', '0607985361605'),
(1147, 'Alenka', 'Vukojević', 21000, 21000, '1985-06-14 00:00:00', '1406985311906'),
(1148, 'Antonijo', 'Javorina', 10000, 10000, '1984-07-16 00:00:00', '1607984330068'),
(1149, 'Nikola', 'Bačić', 20000, 10000, '1984-04-08 00:00:00', '0804984330122'),
(1151, 'Karlo', 'Krsnik', 10010, 10000, '1984-08-18 00:00:00', '1808984320522'),
(1152, 'Božidar', 'Tomić', 20250, 20250, '1985-08-07 00:00:00', '0708985395074'),
(1153, 'Josip', 'Dukić', 21270, 10000, '1985-06-23 00:00:00', '2306985330111'),
(1155, 'Davorin', 'Mirković', 32100, 32100, '1985-07-04 00:00:00', '0407985307804'),
(1156, 'Nikolina', 'Medvedec', 34340, 10370, '1985-01-27 00:00:00', '2701985381508'),
(1176, 'Predrag', 'Žuljević', 34000, 10000, '1983-12-31 00:00:00', '3112983320569'),
(1177, 'Kristian', 'Klarin', 10000, 10000, '1985-06-10 00:00:00', '1006985330028'),
(1178, 'Kristijan', 'Vrabec', 20000, 10000, '1984-10-07 00:00:00', '0710984361315'),
(1180, 'Iva', 'Mioč', 21000, 21000, '1985-01-31 00:00:00', '3101985340008'),
(1181, 'Arsenio', 'Minić', 10000, 20000, '1984-09-17 00:00:00', '1709984320508'),
(1182, 'Gorana', 'Božić', 20000, 20000, '1983-07-21 00:00:00', '2107983340011'),
(1184, 'Tihomir', 'Fabris', 10000, 20000, '1984-09-08 00:00:00', '0809984360058'),
(1185, 'Ozren', 'Smolić', 20000, 10000, '1985-06-23 00:00:00', '2306985330083'),
(1186, 'Zlatko', 'Kolar', 21000, 10000, '1984-09-18 00:00:00', '1809984391008'),
(1188, 'Kristina', 'Mandić', 20000, 10000, '1985-01-19 00:00:00', '1901985391825'),
(1189, 'Juraj', 'Maček', 21000, 21000, '1985-01-27 00:00:00', '2701985390206'),
(1190, 'Domagoj', 'Krišto', 10000, 10000, '1985-03-13 00:00:00', '1303985330094'),
(1192, 'Helena', 'Mandić', 21000, 21000, '1985-07-10 00:00:00', '1007985300028'),
(1193, 'Krunoslav', 'Brezak', 10000, 10000, '1984-11-03 00:00:00', '0311984370805'),
(1194, 'Antun Ivan', 'Herak', 20000, 20000, '1984-07-04 00:00:00', '0407984330073'),
(1196, 'Pavao', 'Falk', 20000, 10000, '1984-07-12 00:00:00', '1207984330057'),
(1197, 'Dominik', 'Hacek', 10000, 10000, '1985-04-12 00:00:00', '1204985306801'),
(1198, 'Helena', 'Vidaković', 21000, 21000, '1984-08-31 00:00:00', '3108984330057'),
(1200, 'Davor', 'Bunčec', 21000, 21000, '1984-05-05 00:00:00', '0505984330124'),
(1201, 'Doris', 'Končar', 10000, 10000, '1985-06-01 00:00:00', '0106985392713'),
(1202, 'Perica', 'Mikulec', 21000, 21000, '1984-04-10 00:00:00', '1004984340304'),
(1204, 'Ksenija', 'Čular', 51000, 51000, '1985-08-10 00:00:00', '1008985311207'),
(1205, 'Dragan', 'Vranešić', 51000, 10000, '1984-11-28 00:00:00', '2811984330185'),
(1239, 'Duje', 'Šimić', 20000, 10000, '1984-09-07 00:00:00', '0709984330054'),
(1241, 'Ljiljana', 'Valentić', 10000, 20000, '1984-10-04 00:00:00', '0410984330044'),
(1242, 'Alan', 'Samodol', 20000, 20000, '1984-10-12 00:00:00', '1210984330177'),
(1243, 'Lidija', 'Žiljak', 21000, 21000, '1985-01-04 00:00:00', '0401985330026'),
(1245, 'Dujo Davor', 'Folnegović', 10360, 10000, '1984-11-05 00:00:00', '0511984391518'),
(1246, 'Roko', 'Novosel', 20340, 10000, '1985-04-04 00:00:00', '0404985335091'),
(1247, 'Alan', 'Pasanec', 21450, 10000, '1984-09-29 00:00:00', '2909984330071'),
(1249, 'Maja', 'Belić', 32280, 10000, '1985-06-12 00:00:00', '1206985330109'),
(1250, 'Antonijo', 'Franjković', 35420, 10000, '1984-11-23 00:00:00', '2311984360005'),
(1251, 'Lucija', 'Brčić', 47240, 10000, '1985-05-07 00:00:00', '0705985391019'),
(1253, 'Božidar', 'Cetto', 53230, 10000, '1985-05-24 00:00:00', '2405985330205'),
(1254, 'Edo', 'Marić', 21420, 21420, '1985-02-27 00:00:00', '2702985390302'),
(1255, 'Antonijo', 'Dumančić', 32100, 32100, '1984-09-21 00:00:00', '2109984302141'),
(1257, 'Adrian', 'Lukač', 44320, 10000, '1985-08-17 00:00:00', '1708985383929'),
(1258, 'Majo', 'Varga', 10430, 10000, '1984-04-21 00:00:00', '2104984340015'),
(1259, 'Ljiljana', 'Bulić', 31301, 10000, '1984-07-22 00:00:00', '2207984383304'),
(1261, 'Silvana', 'Novosel', 47302, 10000, '1984-12-11 00:00:00', '1112984308219'),
(1300, 'Alenka', 'Lozić', 51000, 51000, '1985-07-22 00:00:00', '2207985330193'),
(1302, 'Lovre', 'Smiljanec', 31000, 10000, '1985-04-17 00:00:00', '1704985381105'),
(1303, 'Juraj', 'Szirovicza', 31000, 31000, '1985-05-23 00:00:00', '2305985330039'),
(1304, 'Mario', 'Babić', 31000, 10000, '1984-07-31 00:00:00', '3107984381518'),
(1306, 'Helena', 'Octenjak', 47000, 47000, '1983-07-14 00:00:00', '1407983330042'),
(1307, 'Franjo', 'Zdilar', 47000, 10000, '1984-09-16 00:00:00', '1609984330314'),
(1308, 'Stipe', 'Pugelnik', 22000, 22000, '1984-12-02 00:00:00', '0212984391814'),
(1310, 'Marko', 'Mateković', 48000, 10000, '1985-06-21 00:00:00', '2106985334006');

-- --------------------------------------------------------

--
-- Table structure for table `zupanija`
--

CREATE TABLE IF NOT EXISTS `zupanija` (
  `sifZupanija` smallint(6) NOT NULL,
  `nazZupanija` char(40) NOT NULL,
  PRIMARY KEY (`sifZupanija`)
) ENGINE=InnoDB DEFAULT CHARSET=utf8;

--
-- Dumping data for table `zupanija`
--

INSERT INTO `zupanija` (`sifZupanija`, `nazZupanija`) VALUES
(0, 'Nepoznata županija'),
(1, 'Zagrebačka'),
(2, 'Krapinsko-zagorska'),
(3, 'Sisačko-moslavačka'),
(4, 'Karlovačka'),
(5, 'Varaždinska'),
(6, 'Koprivničko-križevačka'),
(7, 'Bjelovarsko-bilogorska'),
(8, 'Primorsko-goranska'),
(9, 'Ličko-senjska'),
(10, 'Virovitičko-podravska'),
(11, 'Požeško-slavonska'),
(12, 'Brodsko-posavska'),
(13, 'Zadarska'),
(14, 'Osječko-baranjska'),
(15, 'Šibensko-kninska'),
(16, 'Vukovarsko-srijemska'),
(17, 'Splitsko-dalmatinska'),
(18, 'Istarska'),
(19, 'Dubrovačko-neretvanska'),
(20, 'Međimurska'),
(21, 'Grad Zagreb');

--
-- Constraints for dumped tables
--

--
-- Constraints for table `mjesto`
--
ALTER TABLE `mjesto`
  ADD CONSTRAINT `mjesto_ibfk_1` FOREIGN KEY (`sifZupanija`) REFERENCES `zupanija` (`sifZupanija`);
